[{"income": [[1800, "11.5"],
            [1805, "10.1"],
            [1810, "10.8"],
            [1815, "30"],
            [1820, "10.2"],
            [1825, "5"],
            [1830, "10.5"],
            [1835, "149"]],
 "lifeExpectancy": [[1800, "5"],
                    [1805, "11.1"],
                    [1810, "10.6"],
                    [1815, "10.8"],
                    [1820, "21"],
                    [1825, ""],
                    [1830, ""],
                    [1835, ""],
                    [1840, ""]],
 "name": "AAM",
 "population": [[1800, "10.6"],
                [1805, "10.6"],
                [1810, "10"],
                [1815, "-0.2"],
                [1820, "10.8"],
                [1825, "400"],
                [1830, "11.1"],
                [1835, "3"],
                [1840, "11.2"]],
 "region": "Europe & Central Asia"}, {"income": [[1800, "55.5"],
            [1805, "48.4"],
            [1810, "52"],
            [1815, "1"],
            [1820, "50"],
            [1825, "100"],
            [1830, "51"],
            [1835, "2"]],
 "lifeExpectancy": [[1800, "96"],
                    [1805, "52"],
                    [1810, "52"],
                    [1815, "52"],
                    [1820, "40"],
                    [1825, ""],
                    [1830, ""],
                    [1835, ""],
                    [1840, ""]],
 "name": "ABT",
 "population": [[1800, "51.5"],
                [1805, "52"],
                [1810, "30"],
                [1815, "0.0"],
                [1820, "52"],
                [1825, "629"],
                [1830, "52.5"],
                [1835, "580"],
                [1840, "53"]],
 "region": "Europe & Central Asia"}, {"income": [[1800, "27.4"],
            [1805, "24"],
            [1810, "25.7"],
            [1815, "8"],
            [1820, "24"],
            [1825, "5"],
            [1830, "24.1"],
            [1835, "42"]],
 "lifeExpectancy": [[1800, "32"],
                    [1805, "25.7"],
                    [1810, "25.4"],
                    [1815, "25.5"],
                    [1820, "16"],
                    [1825, ""],
                    [1830, ""],
                    [1835, ""],
                    [1840, ""]],
 "name": "ACC",
 "population": [[1800, "25.4"],
                [1805, "25.4"],
                [1810, "8"],
                [1815, "-0.3"],
                [1820, "25.5"],
                [1825, "11"],
                [1830, "25.6"],
                [1835, "2"],
                [1840, "25.7"]],
 "region": "Europe & Central Asia"}, {"income": [[1800, "10.2"],
            [1805, "9"],
            [1810, "9.6"],
            [1815, "405"],
            [1820, "9.1"],
            [1825, "1,000"],
            [1830, "9.5"],
            [1835, "500"]],
 "lifeExpectancy": [[1800, "15"],
                    [1805, ""],
                    [1810, ""],
                    [1815, ""],
                    [1820, ""],
                    [1825, ""],
                    [1830, ""],
                    [1835, ""],
                    [1840, ""]],
 "name": "ACL",
 "population": [[1800, "9.6"],
                [1805, ""],
                [1810, ""],
                [1815, ""],
                [1820, "9.7"],
                [1825, "86"],
                [1830, "9.8"],
                [1835, "166"],
                [1840, "9.9"]],
 "region": "Europe & Central Asia"}, {"income": [[1800, "18.5"],
            [1805, "16.1"],
            [1810, "17.3"],
            [1815, "205"],
            [1820, "16.1"],
            [1825, "1"],
            [1830, "16.3"],
            [1835, "10"]],
 "lifeExpectancy": [[1800, "13"],
                    [1805, "17.6"],
                    [1810, "17.3"],
                    [1815, "17.3"],
                    [1820, "8"],
                    [1825, ""],
                    [1830, ""],
                    [1835, ""],
                    [1840, ""]],
 "name": "AGF",
 "population": [[1800, "16.4"],
                [1805, "17.6"],
                [1810, "1"],
                [1815, "0.3"],
                [1820, "17.6"],
                [1825, "6"],
                [1830, "17.7"],
                [1835, "200"],
                [1840, "17.8"]],
 "region": "Europe & Central Asia"}, {"income": [[1800, "11.2"],
            [1805, "9.8"],
            [1810, "10.5"],
            [1815, ""],
            [1820, ""],
            [1825, ""],
            [1830, ""],
            [1835, ""]],
 "lifeExpectancy": [[1800, "1,362"],
                    [1805, ""],
                    [1810, ""],
                    [1815, ""],
                    [1820, ""],
                    [1825, ""],
                    [1830, ""],
                    [1835, ""],
                    [1840, ""]],
 "name": "AGM",
 "population": [[1800, ""],
                [1805, ""],
                [1810, ""],
                [1815, ""],
                [1820, "10.4"],
                [1825, "303"],
                [1830, "10.5"],
                [1835, "248"],
                [1840, "11"]],
 "region": "Europe & Central Asia"}, {"income": [[1800, "4.6"],
            [1805, "4"],
            [1810, "4.3"],
            [1815, "14,210"],
            [1820, "4"],
            [1825, "12,161"],
            [1830, "4.1"],
            [1835, "616"]],
 "lifeExpectancy": [[1800, "4,060"],
                    [1805, "4.3"],
                    [1810, "4.1"],
                    [1815, "4.2"],
                    [1820, "20,125"],
                    [1825, ""],
                    [1830, ""],
                    [1835, ""],
                    [1840, ""]],
 "name": "AGR",
 "population": [[1800, "4.2"],
                [1805, "4.3"],
                [1810, "756"],
                [1815, "0.0"],
                [1820, "4.3"],
                [1825, "8,608"],
                [1830, "4.4"],
                [1835, "3,520"],
                [1840, "4.5"]],
 "region": "Europe & Central Asia"}, {"income": [[1800, "12.7"],
            [1805, "11.1"],
            [1810, "11.9"],
            [1815, "4,791"],
            [1820, "11.6"],
            [1825, "5,038"],
            [1830, "11.7"],
            [1835, "6,369"]],
 "lifeExpectancy": [[1800, "7,500"],
                    [1805, "12"],
                    [1810, "11.6"],
                    [1815, "11.8"],
                    [1820, "82,559"],
                    [1825, ""],
                    [1830, ""],
                    [1835, ""],
                    [1840, ""]],
 "name": "AMD",
 "population": [[1800, "11.8"],
                [1805, "11.9"],
                [1810, "6,374"],
                [1815, "0.0"],
                [1820, "11.9"],
                [1825, "4,610"],
                [1830, "12"],
                [1835, "7,977"],
                [1840, "12.1"]],
 "region": "Europe & Central Asia"}, {"income": [[1800, "8.7"],
            [1805, "7.7"],
            [1810, "8.2"],
            [1815, "200"],
            [1820, "7.8"],
            [1825, "597"],
            [1830, "8"],
            [1835, "153"]],
 "lifeExpectancy": [[1800, "100"],
                    [1805, "8.2"],
                    [1810, "8.1"],
                    [1815, "8.1"],
                    [1820, "905"],
                    [1825, ""],
                    [1830, ""],
                    [1835, ""],
                    [1840, ""]],
 "name": "ANV",
 "population": [[1800, "8.1"],
                [1805, "8.2"],
                [1810, "4"],
                [1815, "0.0"],
                [1820, "8.2"],
                [1825, "2,043"],
                [1830, "8.3"],
                [1835, "200"],
                [1840, "8.4"]],
 "region": "Europe & Central Asia"}, {"income": [[1800, "19.1"],
            [1805, "16.7"],
            [1810, "17.9"],
            [1815, "400"],
            [1820, "17.3"],
            [1825, "300"],
            [1830, "17.4"],
            [1835, "352"]],
 "lifeExpectancy": [[1800, "561"],
                    [1805, "17.9"],
                    [1810, "17.5"],
                    [1815, "17.6"],
                    [1820, "802"],
                    [1825, ""],
                    [1830, ""],
                    [1835, ""],
                    [1840, ""]],
 "name": "APC",
 "population": [[1800, "17.5"],
                [1805, "17.5"],
                [1810, "98"],
                [1815, "-0.4"],
                [1820, "17.7"],
                [1825, "300"],
                [1830, "17.9"],
                [1835, "300"],
                [1840, "18"]],
 "region": "Europe & Central Asia"}, {"income": [[1800, "10.1"],
            [1805, "8.9"],
            [1810, "9.5"],
            [1815, "2,500"],
            [1820, "9.2"],
            [1825, "5,911"],
            [1830, "9.3"],
            [1835, "4,663"]],
 "lifeExpectancy": [[1800, "3,760"],
                    [1805, "9.5"],
                    [1810, "9.3"],
                    [1815, "9.4"],
                    [1820, "15,981"],
                    [1825, ""],
                    [1830, ""],
                    [1835, ""],
                    [1840, ""]],
 "name": "ASM",
 "population": [[1800, "9.4"],
                [1805, "9.5"],
                [1810, "7,021"],
                [1815, "0.0"],
                [1820, "9.5"],
                [1825, "7,529"],
                [1830, "9.6"],
                [1835, "8,514"],
                [1840, "9.7"]],
 "region": "Europe & Central Asia"}, {"income": [[1800, "5.5"],
            [1805, "4.9"],
            [1810, "5.2"],
            [1815, ""],
            [1820, ""],
            [1825, "16"],
            [1830, "4.9"],
            [1835, "120"]],
 "lifeExpectancy": [[1800, "1,158"],
                    [1805, "5.2"],
                    [1810, "5.1"],
                    [1815, "5.2"],
                    [1820, "2,950"],
                    [1825, ""],
                    [1830, ""],
                    [1835, ""],
                    [1840, ""]],
 "name": "ASP",
 "population": [[1800, "5"],
                [1805, "5.2"],
                [1810, "566"],
                [1815, "0.0"],
                [1820, "5.2"],
                [1825, "473"],
                [1830, "5.3"],
                [1835, "771"],
                [1840, "5.4"]],
 "region": "Europe & Central Asia"}, {"income": [[1800, "2.9"],
            [1805, "2.7"],
            [1810, "2.8"],
            [1815, ""],
            [1820, ""],
            [1825, "2,683"],
            [1830, "2.7"],
            [1835, "13,531"]],
 "lifeExpectancy": [[1800, ""],
                    [1805, "2.9"],
                    [1810, "2.8"],
                    [1815, "2.8"],
                    [1820, "2,788"],
                    [1825, ""],
                    [1830, ""],
                    [1835, ""],
                    [1840, ""]],
 "name": "ATA",
 "population": [[1800, "2.8"],
                [1805, "2.9"],
                [1810, "60"],
                [1815, "0.1"],
                [1820, "2.9"],
                [1825, "2,611"],
                [1830, ""],
                [1835, ""],
                [1840, ""]],
 "region": "Europe & Central Asia"}, {"income": [[1800, "66"],
            [1805, "58"],
            [1810, "62"],
            [1815, ""],
            [1820, ""],
            [1825, ""],
            [1830, ""],
            [1835, "2"]],
 "lifeExpectancy": [[1800, "42"],
                    [1805, ""],
                    [1810, ""],
                    [1815, ""],
                    [1820, ""],
                    [1825, ""],
                    [1830, ""],
                    [1835, ""],
                    [1840, ""]],
 "name": "BBC",
 "population": [[1800, "58"],
                [1805, ""],
                [1810, ""],
                [1815, ""],
                [1820, "62"],
                [1825, "46"],
                [1830, "63"],
                [1835, "271"],
                [1840, "65"]],
 "region": "Europe & Central Asia"}, {"income": [[1800, "7.3"],
            [1805, "6.5"],
            [1810, "6.9"],
            [1815, "2,499"],
            [1820, "6.5"],
            [1825, "90"],
            [1830, "6.6"],
            [1835, "700"]],
 "lifeExpectancy": [[1800, "5,572"],
                    [1805, "6.9"],
                    [1810, "6.8"],
                    [1815, "6.8"],
                    [1820, "4,204"],
                    [1825, ""],
                    [1830, ""],
                    [1835, ""],
                    [1840, ""]],
 "name": "BCE",
 "population": [[1800, "6.7"],
                [1805, "6.9"],
                [1810, "10"],
                [1815, "0.0"],
                [1820, "6.8"],
                [1825, "1,000"],
                [1830, "6.9"],
                [1835, "1,339"],
                [1840, "7"]],
 "region": "Europe & Central Asia"}, {"income": [[1800, "20.9"],
            [1805, "18.3"],
            [1810, "19.6"],
            [1815, "7,189"],
            [1820, "19.3"],
            [1825, "8,960"],
            [1830, "19.4"],
            [1835, "1,208"]],
 "lifeExpectancy": [[1800, "7,540"],
                    [1805, "19.6"],
                    [1810, "19.3"],
                    [1815, "19.5"],
                    [1820, "60,410"],
                    [1825, ""],
                    [1830, ""],
                    [1835, ""],
                    [1840, ""]],
 "name": "BCG",
 "population": [[1800, "19.5"],
                [1805, "19.5"],
                [1810, "510"],
                [1815, "-0.1"],
                [1820, "19.6"],
                [1825, "3,615"],
                [1830, "19.7"],
                [1835, "6,890"],
                [1840, "19.8"]],
 "region": "Europe & Central Asia"}, {"income": [[1800, "21.5"],
            [1805, "18.7"],
            [1810, "20.1"],
            [1815, "790"],
            [1820, "21"],
            [1825, "1,985"],
            [1830, "21.1"],
            [1835, "1,553"]],
 "lifeExpectancy": [[1800, "1,590"],
                    [1805, "21.5"],
                    [1810, "20.2"],
                    [1815, "21.3"],
                    [1820, "26,642"],
                    [1825, ""],
                    [1830, ""],
                    [1835, ""],
                    [1840, ""]],
 "name": "BCI",
 "population": [[1800, "21.2"],
                [1805, "21.2"],
                [1810, "1,375"],
                [1815, "1.1"],
                [1820, "21.3"],
                [1825, "2,974"],
                [1830, "21.4"],
                [1835, "755"],
                [1840, "21.5"]],
 "region": "Europe & Central Asia"}, {"income": [[1800, "3.4"],
            [1805, "3"],
            [1810, "3.2"],
            [1815, ""],
            [1820, ""],
            [1825, "94,771"],
            [1830, "3"],
            [1835, "35,406"]],
 "lifeExpectancy": [[1800, "75,232"],
                    [1805, "3.2"],
                    [1810, "3"],
                    [1815, "3.1"],
                    [1820, "126,689"],
                    [1825, ""],
                    [1830, ""],
                    [1835, ""],
                    [1840, ""]],
 "name": "BGM",
 "population": [[1800, "3.1"],
                [1805, "3.2"],
                [1810, "10,085"],
                [1815, "0.0"],
                [1820, "3.2"],
                [1825, "13,035"],
                [1830, "3.3"],
                [1835, "37,621"],
                [1840, "3.4"]],
 "region": "Europe & Central Asia"}, {"income": [[1800, "17.2"],
            [1805, "15"],
            [1810, "16.1"],
            [1815, "2,041"],
            [1820, "15.9"],
            [1825, "1,058"],
            [1830, "16"],
            [1835, "330"]],
 "lifeExpectancy": [[1800, "7,721"],
                    [1805, "16.2"],
                    [1810, "15.9"],
                    [1815, "16"],
                    [1820, "75,639"],
                    [1825, ""],
                    [1830, ""],
                    [1835, ""],
                    [1840, ""]],
 "name": "BHS",
 "population": [[1800, "16.1"],
                [1805, "16.2"],
                [1810, "1,810"],
                [1815, "0.1"],
                [1820, "16.2"],
                [1825, "5,129"],
                [1830, "16.3"],
                [1835, "5,249"],
                [1840, "16.4"]],
 "region": "Europe & Central Asia"}, {"income": [[1800, "25.2"],
            [1805, "22"],
            [1810, "23.6"],
            [1815, "440"],
            [1820, "23"],
            [1825, "321"],
            [1830, "23.2"],
            [1835, "457"]],
 "lifeExpectancy": [[1800, "1,036"],
                    [1805, "23.6"],
                    [1810, "23.3"],
                    [1815, "23.5"],
                    [1820, "7,061"],
                    [1825, ""],
                    [1830, ""],
                    [1835, ""],
                    [1840, ""]],
 "name": "BIC",
 "population": [[1800, "23.3"],
                [1805, "23.5"],
                [1810, "601"],
                [1815, "-0.1"],
                [1820, "23.5"],
                [1825, "44"],
                [1830, "23.6"],
                [1835, "1,183"],
                [1840, "23.7"]],
 "region": "Europe & Central Asia"}]