[{"income": [[1800, u"11.5"],
            [1805, u"10.1"],
            [1810, u"10.8"],
            [1815, u"30"],
            [1820, u"10.2"],
            [1825, u"5"],
            [1830, u"10.5"],
            [1835, u"149"]],
 "lifeExpectancy": [[1800, u"5"],
                    [1805, u"11.1"],
                    [1810, u"10.6"],
                    [1815, u"10.8"],
                    [1820, u"21"],
                    [1825, u""],
                    [1830, u""],
                    [1835, u""],
                    [1840, u""]],
 "name": u"AAM",
 "population": [[1800, u"10.6"],
                [1805, u"10.6"],
                [1810, u"10"],
                [1815, u"-0.2"],
                [1820, u"10.8"],
                [1825, u"400"],
                [1830, u"11.1"],
                [1835, u"3"],
                [1840, u"11.2"]],
 "region": "Europe & Central Asia"}, {"income": [[1800, u"55.5"],
            [1805, u"48.4"],
            [1810, u"52"],
            [1815, u"1"],
            [1820, u"50"],
            [1825, u"100"],
            [1830, u"51"],
            [1835, u"2"]],
 "lifeExpectancy": [[1800, u"96"],
                    [1805, u"52"],
                    [1810, u"52"],
                    [1815, u"52"],
                    [1820, u"40"],
                    [1825, u""],
                    [1830, u""],
                    [1835, u""],
                    [1840, u""]],
 "name": u"ABT",
 "population": [[1800, u"51.5"],
                [1805, u"52"],
                [1810, u"30"],
                [1815, u"0.0"],
                [1820, u"52"],
                [1825, u"629"],
                [1830, u"52.5"],
                [1835, u"580"],
                [1840, u"53"]],
 "region": "Europe & Central Asia"}, {"income": [[1800, u"27.4"],
            [1805, u"24"],
            [1810, u"25.7"],
            [1815, u"8"],
            [1820, u"24"],
            [1825, u"5"],
            [1830, u"24.1"],
            [1835, u"42"]],
 "lifeExpectancy": [[1800, u"32"],
                    [1805, u"25.7"],
                    [1810, u"25.4"],
                    [1815, u"25.5"],
                    [1820, u"16"],
                    [1825, u""],
                    [1830, u""],
                    [1835, u""],
                    [1840, u""]],
 "name": u"ACC",
 "population": [[1800, u"25.4"],
                [1805, u"25.4"],
                [1810, u"8"],
                [1815, u"-0.3"],
                [1820, u"25.5"],
                [1825, u"11"],
                [1830, u"25.6"],
                [1835, u"2"],
                [1840, u"25.7"]],
 "region": "Europe & Central Asia"}, {"income": [[1800, u"10.2"],
            [1805, u"9"],
            [1810, u"9.6"],
            [1815, u"405"],
            [1820, u"9.1"],
            [1825, u"1,000"],
            [1830, u"9.5"],
            [1835, u"500"]],
 "lifeExpectancy": [[1800, u"15"],
                    [1805, u""],
                    [1810, u""],
                    [1815, u""],
                    [1820, u""],
                    [1825, u""],
                    [1830, u""],
                    [1835, u""],
                    [1840, u""]],
 "name": u"ACL",
 "population": [[1800, u"9.6"],
                [1805, u""],
                [1810, u""],
                [1815, u""],
                [1820, u"9.7"],
                [1825, u"86"],
                [1830, u"9.8"],
                [1835, u"166"],
                [1840, u"9.9"]],
 "region": "Europe & Central Asia"}, {"income": [[1800, u"18.5"],
            [1805, u"16.1"],
            [1810, u"17.3"],
            [1815, u"205"],
            [1820, u"16.1"],
            [1825, u"1"],
            [1830, u"16.3"],
            [1835, u"10"]],
 "lifeExpectancy": [[1800, u"13"],
                    [1805, u"17.6"],
                    [1810, u"17.3"],
                    [1815, u"17.3"],
                    [1820, u"8"],
                    [1825, u""],
                    [1830, u""],
                    [1835, u""],
                    [1840, u""]],
 "name": u"AGF",
 "population": [[1800, u"16.4"],
                [1805, u"17.6"],
                [1810, u"1"],
                [1815, u"0.3"],
                [1820, u"17.6"],
                [1825, u"6"],
                [1830, u"17.7"],
                [1835, u"200"],
                [1840, u"17.8"]],
 "region": "Europe & Central Asia"}, {"income": [[1800, u"11.2"],
            [1805, u"9.8"],
            [1810, u"10.5"],
            [1815, u""],
            [1820, u""],
            [1825, u""],
            [1830, u""],
            [1835, u""]],
 "lifeExpectancy": [[1800, u"1,362"],
                    [1805, u""],
                    [1810, u""],
                    [1815, u""],
                    [1820, u""],
                    [1825, u""],
                    [1830, u""],
                    [1835, u""],
                    [1840, u""]],
 "name": u"AGM",
 "population": [[1800, u""],
                [1805, u""],
                [1810, u""],
                [1815, u""],
                [1820, u"10.4"],
                [1825, u"303"],
                [1830, u"10.5"],
                [1835, u"248"],
                [1840, u"11"]],
 "region": "Europe & Central Asia"}, {"income": [[1800, u"4.6"],
            [1805, u"4"],
            [1810, u"4.3"],
            [1815, u"14,210"],
            [1820, u"4"],
            [1825, u"12,161"],
            [1830, u"4.1"],
            [1835, u"616"]],
 "lifeExpectancy": [[1800, u"4,060"],
                    [1805, u"4.3"],
                    [1810, u"4.1"],
                    [1815, u"4.2"],
                    [1820, u"20,125"],
                    [1825, u""],
                    [1830, u""],
                    [1835, u""],
                    [1840, u""]],
 "name": u"AGR",
 "population": [[1800, u"4.2"],
                [1805, u"4.3"],
                [1810, u"756"],
                [1815, u"0.0"],
                [1820, u"4.3"],
                [1825, u"8,608"],
                [1830, u"4.4"],
                [1835, u"3,520"],
                [1840, u"4.5"]],
 "region": "Europe & Central Asia"}, {"income": [[1800, u"12.7"],
            [1805, u"11.1"],
            [1810, u"11.9"],
            [1815, u"4,791"],
            [1820, u"11.6"],
            [1825, u"5,038"],
            [1830, u"11.7"],
            [1835, u"6,369"]],
 "lifeExpectancy": [[1800, u"7,500"],
                    [1805, u"12"],
                    [1810, u"11.6"],
                    [1815, u"11.8"],
                    [1820, u"82,559"],
                    [1825, u""],
                    [1830, u""],
                    [1835, u""],
                    [1840, u""]],
 "name": u"AMD",
 "population": [[1800, u"11.8"],
                [1805, u"11.9"],
                [1810, u"6,374"],
                [1815, u"0.0"],
                [1820, u"11.9"],
                [1825, u"4,610"],
                [1830, u"12"],
                [1835, u"7,977"],
                [1840, u"12.1"]],
 "region": "Europe & Central Asia"}, {"income": [[1800, u"8.7"],
            [1805, u"7.7"],
            [1810, u"8.2"],
            [1815, u"200"],
            [1820, u"7.8"],
            [1825, u"597"],
            [1830, u"8"],
            [1835, u"153"]],
 "lifeExpectancy": [[1800, u"100"],
                    [1805, u"8.2"],
                    [1810, u"8.1"],
                    [1815, u"8.1"],
                    [1820, u"905"],
                    [1825, u""],
                    [1830, u""],
                    [1835, u""],
                    [1840, u""]],
 "name": u"ANV",
 "population": [[1800, u"8.1"],
                [1805, u"8.2"],
                [1810, u"4"],
                [1815, u"0.0"],
                [1820, u"8.2"],
                [1825, u"2,043"],
                [1830, u"8.3"],
                [1835, u"200"],
                [1840, u"8.4"]],
 "region": "Europe & Central Asia"}, {"income": [[1800, u"19.1"],
            [1805, u"16.7"],
            [1810, u"17.9"],
            [1815, u"400"],
            [1820, u"17.3"],
            [1825, u"300"],
            [1830, u"17.4"],
            [1835, u"352"]],
 "lifeExpectancy": [[1800, u"561"],
                    [1805, u"17.9"],
                    [1810, u"17.5"],
                    [1815, u"17.6"],
                    [1820, u"802"],
                    [1825, u""],
                    [1830, u""],
                    [1835, u""],
                    [1840, u""]],
 "name": u"APC",
 "population": [[1800, u"17.5"],
                [1805, u"17.5"],
                [1810, u"98"],
                [1815, u"-0.4"],
                [1820, u"17.7"],
                [1825, u"300"],
                [1830, u"17.9"],
                [1835, u"300"],
                [1840, u"18"]],
 "region": "Europe & Central Asia"}, {"income": [[1800, u"10.1"],
            [1805, u"8.9"],
            [1810, u"9.5"],
            [1815, u"2,500"],
            [1820, u"9.2"],
            [1825, u"5,911"],
            [1830, u"9.3"],
            [1835, u"4,663"]],
 "lifeExpectancy": [[1800, u"3,760"],
                    [1805, u"9.5"],
                    [1810, u"9.3"],
                    [1815, u"9.4"],
                    [1820, u"15,981"],
                    [1825, u""],
                    [1830, u""],
                    [1835, u""],
                    [1840, u""]],
 "name": u"ASM",
 "population": [[1800, u"9.4"],
                [1805, u"9.5"],
                [1810, u"7,021"],
                [1815, u"0.0"],
                [1820, u"9.5"],
                [1825, u"7,529"],
                [1830, u"9.6"],
                [1835, u"8,514"],
                [1840, u"9.7"]],
 "region": "Europe & Central Asia"}, {"income": [[1800, u"5.5"],
            [1805, u"4.9"],
            [1810, u"5.2"],
            [1815, u""],
            [1820, u""],
            [1825, u"16"],
            [1830, u"4.9"],
            [1835, u"120"]],
 "lifeExpectancy": [[1800, u"1,158"],
                    [1805, u"5.2"],
                    [1810, u"5.1"],
                    [1815, u"5.2"],
                    [1820, u"2,950"],
                    [1825, u""],
                    [1830, u""],
                    [1835, u""],
                    [1840, u""]],
 "name": u"ASP",
 "population": [[1800, u"5"],
                [1805, u"5.2"],
                [1810, u"566"],
                [1815, u"0.0"],
                [1820, u"5.2"],
                [1825, u"473"],
                [1830, u"5.3"],
                [1835, u"771"],
                [1840, u"5.4"]],
 "region": "Europe & Central Asia"}, {"income": [[1800, u"2.9"],
            [1805, u"2.7"],
            [1810, u"2.8"],
            [1815, u""],
            [1820, u""],
            [1825, u"2,683"],
            [1830, u"2.7"],
            [1835, u"13,531"]],
 "lifeExpectancy": [[1800, u""],
                    [1805, u"2.9"],
                    [1810, u"2.8"],
                    [1815, u"2.8"],
                    [1820, u"2,788"],
                    [1825, u""],
                    [1830, u""],
                    [1835, u""],
                    [1840, u""]],
 "name": u"ATA",
 "population": [[1800, u"2.8"],
                [1805, u"2.9"],
                [1810, u"60"],
                [1815, u"0.1"],
                [1820, u"2.9"],
                [1825, u"2,611"],
                [1830, u""],
                [1835, u""],
                [1840, u""]],
 "region": "Europe & Central Asia"}, {"income": [[1800, u"66"],
            [1805, u"58"],
            [1810, u"62"],
            [1815, u""],
            [1820, u""],
            [1825, u""],
            [1830, u""],
            [1835, u"2"]],
 "lifeExpectancy": [[1800, u"42"],
                    [1805, u""],
                    [1810, u""],
                    [1815, u""],
                    [1820, u""],
                    [1825, u""],
                    [1830, u""],
                    [1835, u""],
                    [1840, u""]],
 "name": u"BBC",
 "population": [[1800, u"58"],
                [1805, u""],
                [1810, u""],
                [1815, u""],
                [1820, u"62"],
                [1825, u"46"],
                [1830, u"63"],
                [1835, u"271"],
                [1840, u"65"]],
 "region": "Europe & Central Asia"}, {"income": [[1800, u"7.3"],
            [1805, u"6.5"],
            [1810, u"6.9"],
            [1815, u"2,499"],
            [1820, u"6.5"],
            [1825, u"90"],
            [1830, u"6.6"],
            [1835, u"700"]],
 "lifeExpectancy": [[1800, u"5,572"],
                    [1805, u"6.9"],
                    [1810, u"6.8"],
                    [1815, u"6.8"],
                    [1820, u"4,204"],
                    [1825, u""],
                    [1830, u""],
                    [1835, u""],
                    [1840, u""]],
 "name": u"BCE",
 "population": [[1800, u"6.7"],
                [1805, u"6.9"],
                [1810, u"10"],
                [1815, u"0.0"],
                [1820, u"6.8"],
                [1825, u"1,000"],
                [1830, u"6.9"],
                [1835, u"1,339"],
                [1840, u"7"]],
 "region": "Europe & Central Asia"}, {"income": [[1800, u"20.9"],
            [1805, u"18.3"],
            [1810, u"19.6"],
            [1815, u"7,189"],
            [1820, u"19.3"],
            [1825, u"8,960"],
            [1830, u"19.4"],
            [1835, u"1,208"]],
 "lifeExpectancy": [[1800, u"7,540"],
                    [1805, u"19.6"],
                    [1810, u"19.3"],
                    [1815, u"19.5"],
                    [1820, u"60,410"],
                    [1825, u""],
                    [1830, u""],
                    [1835, u""],
                    [1840, u""]],
 "name": u"BCG",
 "population": [[1800, u"19.5"],
                [1805, u"19.5"],
                [1810, u"510"],
                [1815, u"-0.1"],
                [1820, u"19.6"],
                [1825, u"3,615"],
                [1830, u"19.7"],
                [1835, u"6,890"],
                [1840, u"19.8"]],
 "region": "Europe & Central Asia"}, {"income": [[1800, u"21.5"],
            [1805, u"18.7"],
            [1810, u"20.1"],
            [1815, u"790"],
            [1820, u"21"],
            [1825, u"1,985"],
            [1830, u"21.1"],
            [1835, u"1,553"]],
 "lifeExpectancy": [[1800, u"1,590"],
                    [1805, u"21.5"],
                    [1810, u"20.2"],
                    [1815, u"21.3"],
                    [1820, u"26,642"],
                    [1825, u""],
                    [1830, u""],
                    [1835, u""],
                    [1840, u""]],
 "name": u"BCI",
 "population": [[1800, u"21.2"],
                [1805, u"21.2"],
                [1810, u"1,375"],
                [1815, u"1.1"],
                [1820, u"21.3"],
                [1825, u"2,974"],
                [1830, u"21.4"],
                [1835, u"755"],
                [1840, u"21.5"]],
 "region": "Europe & Central Asia"}, {"income": [[1800, u"3.4"],
            [1805, u"3"],
            [1810, u"3.2"],
            [1815, u""],
            [1820, u""],
            [1825, u"94,771"],
            [1830, u"3"],
            [1835, u"35,406"]],
 "lifeExpectancy": [[1800, u"75,232"],
                    [1805, u"3.2"],
                    [1810, u"3"],
                    [1815, u"3.1"],
                    [1820, u"126,689"],
                    [1825, u""],
                    [1830, u""],
                    [1835, u""],
                    [1840, u""]],
 "name": u"BGM",
 "population": [[1800, u"3.1"],
                [1805, u"3.2"],
                [1810, u"10,085"],
                [1815, u"0.0"],
                [1820, u"3.2"],
                [1825, u"13,035"],
                [1830, u"3.3"],
                [1835, u"37,621"],
                [1840, u"3.4"]],
 "region": "Europe & Central Asia"}, {"income": [[1800, u"17.2"],
            [1805, u"15"],
            [1810, u"16.1"],
            [1815, u"2,041"],
            [1820, u"15.9"],
            [1825, u"1,058"],
            [1830, u"16"],
            [1835, u"330"]],
 "lifeExpectancy": [[1800, u"7,721"],
                    [1805, u"16.2"],
                    [1810, u"15.9"],
                    [1815, u"16"],
                    [1820, u"75,639"],
                    [1825, u""],
                    [1830, u""],
                    [1835, u""],
                    [1840, u""]],
 "name": u"BHS",
 "population": [[1800, u"16.1"],
                [1805, u"16.2"],
                [1810, u"1,810"],
                [1815, u"0.1"],
                [1820, u"16.2"],
                [1825, u"5,129"],
                [1830, u"16.3"],
                [1835, u"5,249"],
                [1840, u"16.4"]],
 "region": "Europe & Central Asia"}, {"income": [[1800, u"25.2"],
            [1805, u"22"],
            [1810, u"23.6"],
            [1815, u"440"],
            [1820, u"23"],
            [1825, u"321"],
            [1830, u"23.2"],
            [1835, u"457"]],
 "lifeExpectancy": [[1800, u"1,036"],
                    [1805, u"23.6"],
                    [1810, u"23.3"],
                    [1815, u"23.5"],
                    [1820, u"7,061"],
                    [1825, u""],
                    [1830, u""],
                    [1835, u""],
                    [1840, u""]],
 "name": u"BIC",
 "population": [[1800, u"23.3"],
                [1805, u"23.5"],
                [1810, u"601"],
                [1815, u"-0.1"],
                [1820, u"23.5"],
                [1825, u"44"],
                [1830, u"23.6"],
                [1835, u"1,183"],
                [1840, u"23.7"]],
 "region": "Europe & Central Asia"}]